SampleName,Tag ID,Tag Color,Species,Timepoint,...6,Date,Collection Species,Location,Depth,Notes,File.Name,A.CT.mean,B.CT.mean,C.CT.mean,D.CT.mean,A.CT.sd,B.CT.sd,C.CT.sd,D.CT.sd,A.reps,B.reps,C.reps,D.reps,A.D,B.D,C.D,qpcrRun,Dominant,propD,logPropD,Reef,Latitude,Longitude
101NI,16,Blue,Ppor,Initial,NA,2019-09-26T00:00:00Z,Ppor,RR4,21,NA,RK_NSF_SYM_Initials_12.csv,NaN,NaN,27.361358489990234,NaN,NA,NA,0.06600263911763622,NA,0,0,2,0,NaN,NaN,NaN,12,C,0,-7,Rainbow,25 41.482 N,80 5.830 W
102NI,55,Blue,Sint,Initial,NA,2019-09-26T00:00:00Z,Sint,RR4,22,NA,RK_NSF_SYM_Initials_13.csv,29.71463762664795,NaN,31.06018814086914,36.979713439941406,0.6508646778344582,NA,0.8312140771856665,NA,2,0,2,1,461.45249160375687,NaN,7.89492654791885,13,A,0,-7,Rainbow,25 41.482 N,80 5.830 W
104NI,42,Blue,Dlab,Initial,NA,2019-09-26T00:00:00Z,Dlab,RR1,23,NA,RK_NSF_Sym_Initials_18.csv,36.566464294433594,NaN,28.047626342773437,NaN,NA,NA,0.8131361137475858,NA,1,0,2,0,NaN,NaN,NaN,18,C,0,-7,Rainbow,25 41.594 N,80 5.832 W
106NI,32,Blue,Ppor,Initial,NA,2019-09-26T00:00:00Z,Ppor,RR4,19,NA,RK_NSF_SYM_Initials_12.csv,NaN,32.287757873535156,30.340595092773437,35.31704330444336,NA,NA,0.3808780354198566,NA,0,1,2,1,NaN,24.49215700886315,4.106327677063538,12,C,0,-7,Rainbow,25 41.482 N,80 5.830 W
107NI,27,Blue,Ppor,Initial,NA,2019-09-26T00:00:00Z,Ppor,RR4,21,NA,RK_NSF_SYM_Initials_12.csv,39.412331451416016,NaN,30.20289405822754,36.70257759094238,NA,NA,0.1808254901519874,0.7170412991427474,1,0,2,2,0.4585683342256829,NaN,11.803019492968351,12,C,0.07810657482394821,-1.1073124067171165,Rainbow,25 41.482 N,80 5.830 W
108NI,53,Blue,Sint,Initial,NA,2019-09-26T00:00:00Z,Sint,RR4,22,NA,RK_NSF_SYM_Initials_13.csv,31.191538681030273,NaN,32.39992698669434,36.22319793701172,0.2664490045379912,NA,0.1273091077867946,NA,2,0,2,1,98.12995930271039,NaN,1.8463441567286178,13,A,0,-7,Rainbow,25 41.482 N,80 5.830 W
109NI,44,Blue,Ppor,Initial,NA,2019-09-26T00:00:00Z,Ppor,RR4,23,NA,RK_NSF_SYM_Initials_20.csv,36.43036924743652,31.821151733398438,27.455063667297363,NaN,0.978764461850909,NA,0.8299881096561816,NA,2,1,2,0,NaN,NaN,NaN,20,C,0,-7,Rainbow,25 41.482 N,80 5.830 W
10NI,16,Green,Past,Initial,NA,2019-09-15T00:00:00Z,Past,EM5,26,NA,RK_NSF_SYM_Initials_10.csv,34.163538803100586,NaN,NaN,37.08314514160156,1.1629320285024163,NA,NA,NA,2,0,0,1,22.69918885400146,NaN,NaN,10,A,0,-7,Emerald,25 40.641 N,80 5.843 W
110NI,14,Blue,Sint,Initial,NA,2019-09-26T00:00:00Z,Sint,RR4,28,NA,RK_NSF_SYM_Initials_13.csv,30.61432253265381,NaN,32.91058715820313,NaN,0.41352329840245466,NA,0.37768431582709505,NA,2,0,2,0,NaN,NaN,NaN,13,A,0,-7,Rainbow,25 41.482 N,80 5.830 W
111NI,15,Blue,Sint,Initial,NA,2019-09-26T00:00:00Z,Sint,RR4,25,NA,RK_NSF_SYM_Initials_13.csv,28.731555809020996,NaN,NaN,NaN,0.25047366307842195,NA,NA,NA,2,0,0,0,NaN,NaN,NaN,13,A,0,-7,Rainbow,25 41.482 N,80 5.830 W
112NI,25,Blue,Sint,Initial,NA,2019-09-26T00:00:00Z,Sint,RR4,20,NA,RK_NSF_SYM_Initials_13.csv,29.209450592041016,NaN,NaN,NaN,0.2032381726657166,NA,NA,NA,2,0,0,0,NaN,NaN,NaN,13,A,0,-7,Rainbow,25 41.482 N,80 5.830 W
113NI,8,Blue,Ppor,Initial,NA,2019-09-26T00:00:00Z,Ppor,RR4,19,NA,RK_NSF_SYM_Initials_12.csv,NaN,NaN,28.08321937561035,NaN,NA,NA,0.32903134260527134,NA,0,0,2,0,NaN,NaN,NaN,12,C,0,-7,Rainbow,25 41.482 N,80 5.830 W
114NI,5,Blue,Dlab,Initial,NA,2019-09-26T00:00:00Z,Dlab,RR4,22,NA,RK_NSF_SYM_Initials_14.csv,NaN,NaN,30.571929779052734,29.51888370513916,NA,NA,0.5025630677413575,0.014316441502180484,0,0,2,2,NaN,NaN,0.06286297983695774,14,C,0.059144951917133155,-1.2280823169378339,Rainbow,25 41.482 N,80 5.830 W
116NI,49,Blue,Sbou,Initial,NA,2019-09-26T00:00:00Z,Sint,RR4,24,NA,RK_NSF_SYM_Initials_12.csv,NaN,30.504026412963867,NaN,34.29398727416992,NA,0.3952848397652444,NA,NA,0,2,0,1,NaN,41.496661326877764,NaN,12,B,0,-7,Rainbow,25 41.482 N,80 5.830 W
11NI,6,Green,Ssid,Initial,NA,2019-09-15T00:00:00Z,Ssid,EM5,26,NA,RK_NSF_SYM_Initials_6.csv,NaN,NaN,NaN,30.478999137878418,NA,NA,NA,0.19143031158690452,0,0,0,2,NaN,NaN,NaN,6,D,1,0,Emerald,25 40.641 N,80 5.843 W
120NI,28,Blue,Sint,Initial,NA,2019-09-26T00:00:00Z,Sint,RR1,27,NA,RK_NSF_SYM_Initials_13.csv,NaN,NaN,32.83030494689942,NaN,NA,NA,0.5195539796626453,NA,0,0,2,0,NaN,NaN,NaN,13,C,0,-7,Rainbow,25 41.594 N,80 5.832 W
121NI,12,Blue,Dlab,Initial,NA,2019-09-26T00:00:00Z,Dlab,RR1,25,NA,RK_NSF_SYM_Initials_24.csv,34.76770101928711,34.33233833312988,34.45717987060547,32.560401916503906,NA,0.05666424618677446,NA,0.15991795589227928,1,2,1,2,0.6496179480827886,0.8784463505076074,0.035027275594381,24,B,0.46764516339273005,-0.33008355297409153,Rainbow,25 41.594 N,80 5.832 W
123NI,38,Blue,Ppor,Initial,NA,2019-09-26T00:00:00Z,Ppor,RR1,22,NA,RK_NSF_SYM_Initials_12.csv,NaN,32.97239685058594,29.482749786376953,36.35307693481445,NA,NA,0.16001506223124837,0.12050357186404352,0,1,2,2,NaN,31.246930814598667,15.26047214173221,12,C,0.06149882926422032,-1.2111331516868338,Rainbow,25 41.594 N,80 5.832 W
124NI,33,Blue,Ssid,Initial,NA,2019-09-26T00:00:00Z,Ssid,RR1,22,NA,RK_NSF_SYM_Initials_15.csv,NaN,NaN,NaN,31.63743305206299,NA,NA,NA,0.31755256411963234,0,0,0,2,NaN,NaN,NaN,15,D,1,0,Rainbow,25 41.594 N,80 5.832 W
125NI,9,Blue,Ppor,Initial,NA,2019-09-26T00:00:00Z,Ppor,RR1,22,NA,RK_NSF_SYM_Initials_12.csv,NaN,32.998470306396484,29.423898544311523,NaN,NA,NA,0.23150960429724812,NA,0,1,2,0,NaN,NaN,NaN,12,C,0,-7,Rainbow,25 41.594 N,80 5.832 W
126NI,1,Blue,Ppor,Initial,NA,2019-09-26T00:00:00Z,Ppor,RR1,26,NA,RK_NSF_SYM_Initials_12.csv,NaN,NaN,28.164769973754883,37.62035369873047,NA,NA,0.5221003236622794,NA,0,0,2,1,NaN,NaN,91.58149872128422,12,C,0,-7,Rainbow,25 41.594 N,80 5.832 W
127NI,6,Blue,Ofav,Initial,NA,2019-09-26T00:00:00Z,Ofav,RR1,24,NA,RK_NSF_SYM_Initials_14.csv,35.40993200683594,33.060489654541016,NaN,NaN,NA,1.7323393236324756,NA,NA,1,2,0,0,NaN,NaN,NaN,14,B,0,-7,Rainbow,25 41.594 N,80 5.832 W
128NI,22,Blue,Ofav,Initial,NA,2019-09-26T00:00:00Z,Ofav,RR1,22,NA,RK_NSF_SYM_Initials_14.csv,37.03635870361328,NaN,NaN,29.847639083862305,NA,NA,NA,0.006314609431296188,1,0,0,2,0.02056368860562596,NaN,NaN,14,D,1,0,Rainbow,25 41.594 N,80 5.832 W
129NI,18,Blue,Sint,Initial,NA,2019-09-26T00:00:00Z,Sint,RR1,25,NA,RK_NSF_SYM_Initials_13.csv,32.96356474304199,NaN,NaN,NaN,0.28638008061139897,NA,NA,NA,2,0,0,0,NaN,NaN,NaN,13,A,0,-7,Rainbow,25 41.594 N,80 5.832 W
12NI,35,Green,Ofav,Initial,NA,2019-09-15T00:00:00Z,Ofav,EM5,26,NA,RK_NSF_SYM_Initials_6.csv,NaN,NaN,NaN,30.871108055114746,NA,NA,NA,0.048020433319372224,0,0,0,2,NaN,NaN,NaN,6,D,1,0,Emerald,25 40.641 N,80 5.843 W
130NI,10,Blue,Sint,Initial,NA,2019-09-26T00:00:00Z,Sint,RR1,23,NA,RK_NSF_SYM_Initials_20.csv,28.40469061279297,NaN,28.400461044311523,NaN,0.11319362245831406,NA,0.08053622118334484,NA,2,0,2,0,NaN,NaN,NaN,20,C,0,-7,Rainbow,25 41.594 N,80 5.832 W
131NI,39,Blue,Dlab,Initial,NA,2019-09-26T00:00:00Z,Dlab,RR1,23,NA,RK_NSF_SYM_Initials_14.csv,NaN,NaN,NaN,33.100271224975586,NA,NA,NA,0.22008342507855072,0,0,0,2,NaN,NaN,NaN,14,D,1,0,Rainbow,25 41.594 N,80 5.832 W
132NI,41,Blue,Sint,Initial,NA,2019-09-26T00:00:00Z,Sint,RR1,26,NA,RK_NSF_SYM_Initials_13.csv,30.617218841552734,NaN,26.720087852478027,37.07494926452637,0.4009520736034133,NA,0.005015812147584477,0.08327677786091721,2,0,2,2,263.68888021885044,NaN,170.8115779396954,13,C,0.003778020441104963,-2.422735696643123,Rainbow,25 41.594 N,80 5.832 W
133NI,20,Blue,Sbou,Initial,NA,2019-09-26T00:00:00Z,Sbou,RR1,23,NA,RK_NSF_SYM_Initials_13.csv,NaN,30.596086502075195,NaN,NaN,NA,0.11260289222958536,NA,NA,0,2,0,0,NaN,NaN,NaN,13,B,0,-7,Rainbow,25 41.594 N,80 5.832 W
134NI,2,Blue,Ppor,Initial,NA,2019-09-26T00:00:00Z,Ppor,RR1,21,NA,RK_NSF_SYM_Initials_12.csv,NaN,34.3816032409668,27.482770767211914,31.601682662963867,NA,NA,0.13694151713286837,NA,0,1,2,1,NaN,0.4367991405515263,2.266258514696439,12,C,0,-7,Rainbow,25 41.594 N,80 5.832 W
135NI,21,Blue,Dlab,Initial,NA,2019-09-26T00:00:00Z,Dlab,RR1,43,NA,RK_NSF_SYM_Initials_14.csv,NaN,NaN,NaN,32.17682075500488,NA,NA,NA,0.15307465639326243,0,0,0,2,NaN,NaN,NaN,14,D,1,0,Rainbow,25 41.594 N,80 5.832 W
136NI,43,Blue,Ofav,Initial,NA,2019-09-26T00:00:00Z,Ofav,RR1,35,NA,RK_NSF_SYM_Initials_14.csv,NaN,NaN,NaN,28.47378158569336,NA,NA,NA,0.41418011488964845,0,0,0,2,NaN,NaN,NaN,14,D,1,0,Rainbow,25 41.594 N,80 5.832 W
137NI,40,Blue,Sint,Initial,NA,2019-09-26T00:00:00Z,Sint,RR1,22,NA,RK_NSF_SYM_Initials_13.csv,31.50768076324463,NaN,27.413473930358887,37.24336242675781,0.35028818994543776,NA,0.028531730567934822,NA,2,0,2,1,159.85767087655452,NaN,118.70929073017695,13,C,0,-7,Rainbow,25 41.594 N,80 5.832 W
138NI,47,Blue,Ofav,Initial,NA,2019-09-26T00:00:00Z,Ofav,RR1,25,NA,RK_NSF_SYM_Initials_14.csv,NaN,33.0897216796875,NaN,31.474422454833984,NA,NA,NA,0.29883936338079536,0,1,0,2,NaN,0.9791917281688186,NaN,14,D,1,0,Rainbow,25 41.594 N,80 5.832 W
139NI,19,Blue,Ssid,Initial,NA,2019-09-26T00:00:00Z,Ssid,RR1,23,NA,RK_NSF_SYM_Initials_15.csv,32.240347732543945,NaN,19.51826461791992,27.457823753356934,4.282942515189767,NA,NA,10.950300163685275,2,0,1,2,0.10900290742709035,NaN,32.02129346722066,15,A,0.09828910879952456,-1.0074946027204372,Rainbow,25 41.594 N,80 5.832 W
13NI,98,Green,Mcav,Initial,NA,2019-09-15T00:00:00Z,Sbou,EM1,26,NA,RK_NSF_SYM_Initials_1.csv,NaN,NaN,23.85774215698242,NaN,NA,NA,0.17887257377938662,NA,0,0,2,0,NaN,NaN,NaN,1,C,0,-7,Emerald,25 40.64 N,80 6.028 W
140NI,69,Blue,Sbou,Initial,NA,2019-09-26T00:00:00Z,Sbou,RR1,23,NA,RK_NSF_SYM_Initials_13.csv,NaN,31.706451416015625,NaN,37.182613372802734,NA,0.22031270393445,NA,NA,0,2,0,1,NaN,133.539659590282,NaN,13,B,0,-7,Rainbow,25 41.594 N,80 5.832 W
145NI,54,Blue,Ofav,Initial,NA,2019-09-26T00:00:00Z,Ofav,RR1,23,NA,RK_NSF_SYM_Initials_14.csv,NaN,35.05300521850586,NaN,32.24080848693848,NA,NA,NA,0.11182064672122317,0,1,0,2,NaN,0.42713551660856924,NaN,14,D,1,0,Rainbow,25 41.594 N,80 5.832 W
149NI,31,Blue,Pstr,Initial,NA,2019-09-26T00:00:00Z,Pstr,RR4,18,NA,RK_NSF_SYM_Initials_15.csv,NaN,NaN,33.28859313964844,31.47854518890381,NA,NA,NA,0.17834253501251363,0,0,1,2,NaN,NaN,0.03719758046811578,15,D,1,0,Rainbow,25 41.482 N,80 5.830 W
14NI,45,Green,Sbou,Initial,NA,2019-09-15T00:00:00Z,Sbou,EM1,"NA",NA,RK_NSF_SYM_Initials_10.csv,NaN,30.66778564453125,NaN,37.044742584228516,NA,0.41517275746577703,NA,NA,0,2,0,1,NaN,249.33116979387995,NaN,10,B,0,-7,Emerald,25 40.64 N,80 6.028 W
150NI,34,Blue,Pstr,Initial,NA,2019-09-26T00:00:00Z,Pstr,RR4,21,NA,RK_NSF_SYM_Initials_15.csv,NaN,NaN,NaN,33.566200256347656,NA,NA,NA,0.5032158381310942,0,0,0,2,NaN,NaN,NaN,15,D,1,0,Rainbow,25 41.482 N,80 5.830 W
151NI,13,Blue,Ofav,Initial,NA,2019-09-26T00:00:00Z,Ofav,RR4,22,NA,RK_NSF_SYM_Initials_20.csv,36.1317490234375,25.994644165039062,33.1230924987793,NaN,NA,0.5250593696025323,NA,NA,1,2,1,0,NaN,NaN,NaN,20,B,0,-7,Rainbow,25 41.482 N,80 5.830 W
152NI,26,Blue,Ppor,Initial,NA,2019-09-26T00:00:00Z,Ppor,RR1,27,NA,RK_NSF_SYM_Initials_12.csv,NaN,32.544973373413086,28.079952087402344,35.51827621459961,NA,0.6298559911383239,0.3987671809766085,NA,0,2,2,1,NaN,23.559962567996855,22.62309912760045,12,C,0,-7,Rainbow,25 41.594 N,80 5.832 W
153NI,23,Blue,Ppor,Initial,NA,2019-09-26T00:00:00Z,Ppor,RR4,21,NA,RK_NSF_SYM_Initials_12.csv,NaN,NaN,26.580458488464355,34.19241142272949,NA,NA,0.09650347044800002,2.909141374217645,0,0,2,2,NaN,NaN,25.516410333753548,12,C,0.03771249529681133,-1.4235147309785465,Rainbow,25 41.482 N,80 5.830 W
154NI,4,Blue,Ofav,Initial,NA,2019-09-26T00:00:00Z,Ofav,RR4,24,NA,RK_NSF_SYM_Initials_15.csv,35.10559355163574,NaN,32.833476867675785,28.764866828918457,0.19504077921774174,NA,NA,0.00352954568169631,2,0,1,2,0.0370145366196146,NaN,0.007773556444761504,15,A,0.035693363316074554,-1.447412527393404,Rainbow,25 41.482 N,80 5.830 W
155NI,29,Blue,Sint,Initial,NA,2019-09-26T00:00:00Z,Sint,RR4,18,NA,RK_NSF_SYM_Initials_13.csv,29.160497535705566,34.52808952331543,NaN,32.07889366149902,0.022546203729811698,0.5682582034522582,NA,0.40458546911984045,2,2,0,2,22.680155498227357,0.5493382441710525,NaN,13,A,0.042229452423775585,-1.3743845499005594,Rainbow,25 41.482 N,80 5.830 W
156NI,24,Blue,Ssid,Initial,NA,2019-09-26T00:00:00Z,Ssid,RR4,19,NA,RK_NSF_SYM_Initials_20.csv,31.384473670959473,30.32286834716797,30.11252197265625,NaN,1.5719722509224643,0.012569876099889035,0.9381227615940361,NA,2,2,2,0,NaN,NaN,NaN,20,C,0,-7,Rainbow,25 41.482 N,80 5.830 W
157NI,30,Blue,Sint,Initial,NA,2019-09-26T00:00:00Z,Sbou,RR4,22,NA,RK_NSF_SYM_Initials_15.csv,30.414970268249512,NaN,33.0271566772461,NaN,0.8015952951009387,NA,0.6011044226085562,NA,2,0,2,0,NaN,NaN,NaN,15,A,0,-7,Rainbow,25 41.482 N,80 5.830 W
158NI,7,Blue,Ppor,Initial,NA,2019-09-26T00:00:00Z,Ppor,RR4,21,NA,RK_NSF_SYM_Initials_20.csv,36.42403112792969,30.928630828857422,29.367481079101562,NaN,3.479546706720442,2.184471832669214,0.4709279804238685,NA,2,2,2,0,NaN,NaN,NaN,20,C,0,-7,Rainbow,25 41.482 N,80 5.830 W
159NI,51,Blue,Ofav,Initial,NA,2019-09-26T00:00:00Z,Ofav,RR4,21,NA,RK_NSF_SYM_Initials_15.csv,NaN,34.30528259277344,32.89584335327149,36.54977035522461,NA,0.3463297579332946,NA,NA,0,2,1,1,NaN,14.216064855815775,1.6418559390205272,15,B,0,-7,Rainbow,25 41.482 N,80 5.830 W
15NI,66,Green,Past,Initial,NA,2019-09-15T00:00:00Z,Past,EM5,"NA",NA,RK_NSF_SYM_Initials_11.csv,31.670484413146973,NaN,NaN,NaN,0.0918720375588349,NA,NA,NA,2,0,0,0,NaN,NaN,NaN,11,A,0,-7,Emerald,25 40.641 N,80 5.843 W
160NI,49,Blue,Ssid,Initial,NA,2019-09-26T00:00:00Z,Sint,RR4,24,NA,RK_NSF_SYM_Initials_15.csv,35.838314880371094,NaN,30.945363845825195,31.43242073059082,NA,NA,1.307728369498563,0.20571438430942865,1,0,2,2,0.14151906739093786,NaN,0.18281513631100152,15,C,0.15455934803233135,-0.8109047228809503,Rainbow,25 41.482 N,80 5.830 W
161NI,35,Blue,Ssid,Initial,NA,2019-09-26T00:00:00Z,Ssid,RR4,21,NA,RK_NSF_Sym_Initials_19.csv,37.90124594116211,31.374011993408203,NaN,37.24808120727539,NA,1.7280612499212258,NA,NA,1,2,0,1,1.9076516727984565,175.95122090484,NaN,19,B,0,-7,Rainbow,25 41.482 N,80 5.830 W
163NI,11,Blue,Ssid,Initial,NA,2019-09-26T00:00:00Z,Ssid,RR4,21,NA,RK_NSF_Sym_Initials_18.csv,36.7914169921875,NaN,32.741069641113285,NaN,NA,NA,2.0687318662112655,NA,1,0,2,0,NaN,NaN,NaN,18,C,0,-7,Rainbow,25 41.482 N,80 5.830 W
16NI,28,Green,Ssid,Initial,NA,2019-09-15T00:00:00Z,Ssid,EM1,28,NA,RK_NSF_SYM_Initials_11.csv,NaN,NaN,NaN,28.318737983703613,NA,NA,NA,0.002272558071707406,0,0,0,2,NaN,NaN,NaN,11,D,1,0,Emerald,25 40.64 N,80 6.028 W
18NI,89,Green,Mcav,Initial,NA,2019-09-15T00:00:00Z,Mcav,EM1,24,"TAG# on notes says ""37->89""",RK_NSF_SYM_Initials_6.csv,NaN,NaN,23.324890937805176,NaN,NA,NA,0.08698435183072353,NA,0,0,2,0,NaN,NaN,NaN,6,C,0,-7,Emerald,25 40.64 N,80 6.028 W
19NI,99,Green,Mcav,Initial,NA,2019-09-15T00:00:00Z,Mcav,EM1,25,NA,RK_NSF_SYM_Initials_2.csv,NaN,NaN,25.779481735229492,NaN,NA,NA,0.3462515333824584,NA,0,0,2,0,NaN,NaN,NaN,2,C,0,-7,Emerald,25 40.64 N,80 6.028 W
1NI,86,Green,Mcav,Initial,NA,2019-09-15T00:00:00Z,Mcav,EM1,26,NA,RK_NSF_SYM_Initials_1.csv,NaN,NaN,24.843124237060547,NaN,NA,NA,0.17012760847555825,NA,0,0,2,0,NaN,NaN,NaN,1,C,0,-7,Emerald,25 40.64 N,80 6.028 W
21NI,50,Green,Ofav,Initial,NA,2019-09-15T00:00:00Z,Ofav,EM3,24,NA,RK_NSF_SYM_Initials_11.csv,NaN,25.70988941192627,NaN,28.064205169677734,NA,0.2276105150478083,NA,0.10272232223947945,0,2,0,2,NaN,15.340549524879936,NaN,11,B,0.06119745229359706,-1.2132666575580884,Emerald,25 40.725 N,80 5.845 W
22NI,14,Green,Sint,Initial,NA,2019-09-15T00:00:00Z,Sbou,EM5,26,NA,RK_NSF_SYM_Initials_11.csv,29.935460914611816,NaN,35.19179901123047,36.27812957763672,0.14265056064476003,NA,NA,NA,2,0,1,1,243.47522444083071,NaN,0.27695646311979766,11,A,0,-7,Emerald,25 40.641 N,80 5.843 W
23NI,99,Green,Mcav,Initial,NA,2019-09-15T00:00:00Z,Mcav,EM1,25,NA,RK_NSF_SYM_Initials_2.csv,NaN,NaN,27.26628002166748,NaN,NA,NA,0.2203329344217352,NA,0,0,2,0,NaN,NaN,NaN,2,C,0,-7,Emerald,25 40.64 N,80 6.028 W
24NI,72,Green,Sint,Initial,NA,2019-09-15T00:00:00Z,Sbou,EM1,"NA",NA,RK_NSF_SYM_Initials_11.csv,33.55757223510742,NaN,26.13231834411621,38.28789138793945,0.0924128659189267,NA,6.797443727836989e-4,NA,2,0,2,1,79.63229069604311,NaN,595.0939285260231,11,C,0,-7,Emerald,25 40.64 N,80 6.028 W
25NI,78,Green,Mcav,Initial,NA,2019-09-15T00:00:00Z,Mcav,EM1,"NA",NA,RK_NSF_SYM_Initials_2.csv,NaN,NaN,23.991926040649414,NaN,NA,NA,0.19986102998823568,NA,0,0,2,0,NaN,NaN,NaN,2,C,0,-7,Emerald,25 40.64 N,80 6.028 W
26NI,77,Green,Past,Initial,NA,2019-09-15T00:00:00Z,Past,EM1,"NA",NA,RK_NSF_SYM_Initials_20.csv,31.61653791809082,NaN,NaN,NaN,0.1839301956006939,NA,NA,NA,2,0,0,0,NaN,NaN,NaN,20,A,0,-7,Emerald,25 40.64 N,80 6.028 W
27NI,71,Green,Ssid,Initial,NA,2019-09-15T00:00:00Z,Ssid,EM1,"NA",NA,RK_NSF_SYM_Initials_2.csv,NaN,NaN,24.50227626800537,31.290316581726074,NA,NA,0.6928874460233362,0.334651371973108,0,0,2,2,NaN,NaN,14.41441975936926,2,C,0.06487431999457363,-1.1879271813462156,Emerald,25 40.64 N,80 6.028 W
28NI,75,Green,Dlab,Initial,NA,2019-09-15T00:00:00Z,Dlab,EM1,"NA",NA,RK_NSF_SYM_Initials_10.csv,NaN,33.68560028076172,34.48639854431153,30.03299045562744,NA,0.5773565279340019,0.1282747763798762,0.028116331229011454,0,2,2,2,NaN,0.2385481950685281,0.005953659611055684,10,C,0.19260307836089446,-0.7153367758591177,Emerald,25 40.64 N,80 6.028 W
29NI,79,Green,Mcav,Initial,NA,2019-09-15T00:00:00Z,Mcav,EM1,"NA",NA,RK_NSF_SYM_Initials_3.csv,NaN,NaN,22.25983985900879,NaN,NA,NA,0.25175088117569605,NA,0,0,2,0,NaN,NaN,NaN,3,C,0,-7,Emerald,25 40.64 N,80 6.028 W
2NI,30,Green,Ofav,Initial,NA,2019-09-15T00:00:00Z,Ofav,EM1,25,NA,RK_NSF_SYM_Initials_11.csv,NaN,27.77067756652832,34.212200012207035,33.51082801818848,NA,0.16739784139120464,NA,0.6703439396918291,0,2,1,2,NaN,160.3536021568227,0.08021570603471234,11,B,0.0061975684870554095,-2.2077786653046503,Emerald,25 40.64 N,80 6.028 W
30NI,55,Green,Ofav,Initial,NA,2019-09-15T00:00:00Z,Ofav,EM3,22,Colony 62,RK_NSF_SYM_Initials_7.csv,NaN,33.65463066101074,30.71383270263672,36.11783981323242,NA,0.7795777814388477,0.17057267919583327,NA,0,2,2,1,NaN,16.543259992412363,5.522829752035591,7,C,0,-7,Emerald,25 40.725 N,80 5.845 W
31NI,24,Green,Dlab,Initial,NA,2019-09-15T00:00:00Z,Dlab,EM3,27,NA,RK_NSF_SYM_Initials_7.csv,NaN,NaN,34.487075653076175,29.326512336730957,NA,NA,NA,0.257573215416385,0,0,1,2,NaN,NaN,0.0036467758151105794,7,D,1,0,Emerald,25 40.725 N,80 5.845 W
32NI,81,Green,Mcav,Initial,NA,2019-09-15T00:00:00Z,Mcav,EM1,26,NA,RK_NSF_SYM_Initials_3.csv,NaN,NaN,23.447308387756348,NaN,NA,NA,0.1032226896250008,NA,0,0,2,0,NaN,NaN,NaN,3,C,0,-7,Emerald,25 40.64 N,80 6.028 W
33NI,11,Green,Ofav,Initial,NA,2019-09-15T00:00:00Z,Ofav,EM5,24,NA,RK_NSF_SYM_Initials_7.csv,37.70378576660156,33.799448013305664,NaN,29.35950756072998,NA,0.22637915272171402,NA,0.01747239751867623,1,2,0,2,0.009230882494129199,0.1382184439874491,NaN,7,B,0.12143402236853335,-0.9156596192174976,Emerald,25 40.641 N,80 5.843 W
34NI,88,Green,Past,Initial,NA,2019-09-15T00:00:00Z,Mmea,EM1,266,NA,RK_NSF_SYM_Initials_10.csv,31.621448387145996,NaN,NaN,37.22676467895508,0.40711697742879877,NA,NA,NA,2,0,0,1,146.04597545032232,NaN,NaN,10,A,0,-7,Emerald,25 40.64 N,80 6.028 W
35NI,15,Green,Ofav,Initial,NA,2019-09-15T00:00:00Z,Ofav,EM3,24,NA,RK_NSF_SYM_Initials_7.csv,NaN,35.968082427978516,NaN,27.520846366882324,NA,NA,NA,0.21847172959149413,0,1,0,2,NaN,0.008595077953069664,NaN,7,D,1,0,Emerald,25 40.725 N,80 5.845 W
36NI,44,Green,Ssid,Initial,NA,2019-09-15T00:00:00Z,Ssid,EM3,24,NA,RK_NSF_SYM_Initials_3.csv,NaN,NaN,26.4791544342041,30.378515243530273,NA,NA,0.09714140514706092,0.046702754247527636,0,0,2,2,NaN,NaN,1.9463367648700471,3,C,0.33940451475990957,-0.46928238499337266,Emerald,25 40.725 N,80 5.845 W
37NI,57,Green,Sbou,Initial,NA,2019-09-15T00:00:00Z,Ssid,EM3,24,NA,RK_NSF_SYM_Initials_10.csv,NaN,31.505306243896484,NaN,37.31834030151367,NA,0.22858832193326103,NA,NA,0,2,0,1,NaN,168.66263146361456,NaN,10,B,0,-7,Emerald,25 40.725 N,80 5.845 W
38NI,13,Green,Mcav,Initial,NA,2019-09-15T00:00:00Z,Mcav,EM5,24,NA,RK_NSF_SYM_Initials_3.csv,NaN,NaN,25.263596382141113,NaN,NA,NA,0.09377640076195114,NA,0,0,2,0,NaN,NaN,NaN,3,C,0,-7,Emerald,25 40.641 N,80 5.843 W
39NI,18,Green,Ofav,Initial,NA,2019-09-15T00:00:00Z,Ofav,EM3,24,NA,RK_NSF_SYM_Initials_7.csv,NaN,35.45125198364258,NaN,34.57868194580078,NA,0.49242624491230536,NA,0.29751763821149374,0,2,0,2,NaN,1.6385190688760627,NaN,7,B,0.37900048242818757,-0.42136023721987903,Emerald,25 40.725 N,80 5.845 W
40NI,48,Green,Mcav,Initial,NA,2019-09-15T00:00:00Z,Mcav,EM5,26,NA,RK_NSF_SYM_Initials_3.csv,NaN,NaN,22.34608253479004,NaN,NA,NA,0.42154131486316715,NA,0,0,2,0,NaN,NaN,NaN,3,C,0,-7,Emerald,25 40.641 N,80 5.843 W
41NI,51,Green,Ofav,Initial,NA,2019-09-15T00:00:00Z,Ofav,EM5,26,NA,RK_NSF_SYM_Initials_7.csv,37.02462469482422,34.43613243103027,NaN,35.70968246459961,NA,1.1046304615446907,NA,0.652198541296131,1,2,0,2,1.2058247699373392,7.252671644956343,NaN,7,B,0.12117288110101343,-0.9165945658629571,Emerald,25 40.641 N,80 5.843 W
42NI,41,Green,Ofav,Initial,NA,2019-09-15T00:00:00Z,Ofav,EM3,23,NA,RK_NSF_SYM_Initials_3.csv,NaN,NaN,20.854893531799316,NaN,NA,NA,0.1759445479196378,NA,0,0,2,0,NaN,NaN,NaN,3,C,0,-7,Emerald,25 40.725 N,80 5.845 W
43NI,32,Green,Ssid,Initial,NA,2019-09-15T00:00:00Z,Ssid,EM5,24,NA,RK_NSF_SYM_Initials_4.csv,NaN,NaN,NaN,28.0748872756958,NA,NA,NA,0.30733751673974397,0,0,0,2,NaN,NaN,NaN,4,D,1,0,Emerald,25 40.641 N,80 5.843 W
45NI,96,Green,Mcav,Initial,NA,2019-09-15T00:00:00Z,Mcav,EM1,25,NA,RK_NSF_SYM_Initials_11.csv,NaN,NaN,24.4565828704834,37.24738693237305,NA,NA,0.048100006569360795,NA,0,0,2,1,NaN,NaN,924.2918209625489,11,C,0,-7,Emerald,25 40.64 N,80 6.028 W
46NI,33,Green,Ofav,Initial,NA,2019-09-15T00:00:00Z,Ofav,EM3,27,"TAG# on notes says ""26->33""",RK_NSF_SYM_Initials_4.csv,NaN,35.27874565124512,NaN,NaN,NA,0.1380717270225365,NA,NA,0,2,0,0,NaN,NaN,NaN,4,B,0,-7,Emerald,25 40.725 N,80 5.845 W
48NI,100,Green,Past,Initial,NA,2019-09-15T00:00:00Z,Past,EM1,26,NA,RK_NSF_SYM_Initials_20.csv,31.488899101257324,NaN,33.9939306640625,NaN,0.16781189203097568,NA,NA,NA,2,0,1,0,NaN,NaN,NaN,20,A,0,-7,Emerald,25 40.64 N,80 6.028 W
49NI,91,Green,Past,Initial,NA,2019-09-15T00:00:00Z,Past,EM1,25,NA,RK_NSF_SYM_Initials_10.csv,33.21252523803711,NaN,NaN,35.626712799072266,0.09864385600277727,NA,NA,NA,2,0,0,1,15.99057665931353,NaN,NaN,10,A,0,-7,Emerald,25 40.64 N,80 6.028 W
4NI,60,Green,Ssid,Initial,NA,2019-09-15T00:00:00Z,Ssid,EM5,"NA",NA,RK_NSF_SYM_Initials_20.csv,30.043317665100098,25.692757606506348,30.32274040222168,NaN,0.10340071791311081,0.05315088489490633,0.1889662382355636,NA,2,2,2,0,NaN,NaN,NaN,20,B,0,-7,Emerald,25 40.641 N,80 5.843 W
50NI,31,Green,Ssid,Initial,NA,2019-09-15T00:00:00Z,Ssid,EM5,23,NA,RK_NSF_SYM_Initials_4.csv,NaN,NaN,NaN,28.90538787841797,NA,NA,NA,0.2978602077961903,0,0,0,2,NaN,NaN,NaN,4,D,1,0,Emerald,25 40.641 N,80 5.843 W
52NI,29,Green,Past,Initial,NA,2019-09-15T00:00:00Z,Past,EM5,21,NA,RK_NSF_SYM_Initials_10.csv,31.400810111999512,NaN,NaN,37.43226432800293,0.19777998719616177,NA,NA,0.08485745326746978,2,0,0,2,196.23202756206035,NaN,NaN,10,A,0.005070170460450919,-2.2949774393276603,Emerald,25 40.641 N,80 5.843 W
53NI,97,Green,Dlab,Initial,NA,2019-09-15T00:00:00Z,Dlab,EM1,26,NA,RK_NSF_SYM_Initials_4.csv,NaN,NaN,NaN,28.533963203430176,NA,NA,NA,0.04385565033691972,0,0,0,2,NaN,NaN,NaN,4,D,1,0,Emerald,25 40.64 N,80 6.028 W
54NI,38,Green,Ofav,Initial,NA,2019-09-15T00:00:00Z,Ofav,EM3,27,NA,RK_NSF_SYM_Initials_4.csv,NaN,NaN,NaN,28.345202445983887,NA,NA,NA,0.13507356880686555,0,0,0,2,NaN,NaN,NaN,4,D,1,0,Emerald,25 40.725 N,80 5.845 W
55NI,52,Green,Past,Initial,NA,2019-09-15T00:00:00Z,Past,EM3,24,NA,RK_NSF_SYM_Initials_10.csv,30.623128761291504,31.142030715942383,NaN,34.780494689941406,0.20570764081366688,1.0850581394458076,NA,0.0072721858294637,2,2,0,2,53.53195475122035,37.36010163629315,NaN,10,A,0.018337871887448183,-1.736651065676053,Emerald,25 40.725 N,80 5.845 W
56NI,3,Green,Past,Initial,NA,2019-09-15T00:00:00Z,Past,EM5,26,NA,RK_NSF_SYM_Initials_10.csv,28.060139526367188,NaN,NaN,35.073991775512695,0.2577364080138192,NA,NA,0.13629683893804573,2,0,0,2,387.70479019896794,NaN,NaN,10,A,0.002572646453593036,-2.589619892687249,Emerald,25 40.641 N,80 5.843 W
57NI,2,Green,Past,Initial,NA,2019-09-15T00:00:00Z,Past,EM5,26,NA,RK_NSF_SYM_Initials_10.csv,30.59391485595703,30.829357147216797,NaN,37.414546966552734,0.07305363828611476,NA,NA,NA,2,1,0,1,339.10649607632155,288.0453823692427,NaN,10,A,0,-7,Emerald,25 40.641 N,80 5.843 W
58NI,27,Green,Mcav,Initial,NA,2019-09-15T00:00:00Z,Mcav,EM3,27,NA,RK_NSF_SYM_Initials_5.csv,NaN,NaN,24.710604515075683,NaN,NA,NA,0.08930411437276314,NA,0,0,2,0,NaN,NaN,NaN,5,C,0,-7,Emerald,25 40.725 N,80 5.845 W
59NI,23,Green,Ofav,Initial,NA,2019-09-15T00:00:00Z,Ofav,EM3,27,NA,RK_NSF_SYM_Initials_5.csv,NaN,34.40908432006836,NaN,NaN,NA,0.3273454686648356,NA,NA,0,2,0,0,NaN,NaN,NaN,5,B,0,-7,Emerald,25 40.725 N,80 5.845 W
5NI,64,Green,Mcav,Initial,NA,2019-09-15T00:00:00Z,Mcav,EM1,"NA",NA,RK_NSF_SYM_Initials_1.csv,NaN,NaN,24.52183708190918,NaN,NA,NA,0.1663782248320291,NA,0,0,2,0,NaN,NaN,NaN,1,C,0,-7,Emerald,25 40.64 N,80 6.028 W
61NI,34,Green,Past,Initial,NA,2019-09-15T00:00:00Z,Past,EM5,24,NA,RK_NSF_SYM_Initials_10.csv,31.52099405670166,NaN,NaN,36.38850021362305,0.012066811316063004,NA,NA,NA,2,0,0,1,87.57630387997182,NaN,NaN,10,A,0,-7,Emerald,25 40.641 N,80 5.843 W
62NI,25,Green,Dlab,Initial,NA,2019-09-15T00:00:00Z,Dlab,EM5,21,NA,RK_NSF_SYM_Initials_9.csv,NaN,NaN,NaN,31.305469512939453,NA,NA,NA,0.2203019143412312,0,0,0,2,NaN,NaN,NaN,9,D,1,0,Emerald,25 40.641 N,80 5.843 W
63NI,4,Green,Ssid,Initial,NA,2019-09-15T00:00:00Z,Ssid,EM5,25,NA,RK_NSF_SYM_Initials_5.csv,NaN,NaN,NaN,29.217330932617188,NA,NA,NA,0.19727961981064043,0,0,0,2,NaN,NaN,NaN,5,D,1,0,Emerald,25 40.641 N,80 5.843 W
64NI,53,Green,Ssid,Initial,NA,2019-09-15T00:00:00Z,Ssid,EM3,22,NA,RK_NSF_SYM_Initials_5.csv,NaN,NaN,34.32877334594727,29.885058403015137,NA,NA,1.2849326564255668,0.4699798449197674,0,0,2,2,NaN,NaN,0.005993795601618314,5,C,0.005958084063564051,-2.2248933735472183,Emerald,25 40.725 N,80 5.845 W
65NI,42,Green,Ofav,Initial,NA,2019-09-15T00:00:00Z,Ofav,EM3,23,Colony 69,RK_NSF_SYM_Initials_5.csv,NaN,NaN,NaN,28.134567260742188,NA,NA,NA,0.059526185788058204,0,0,0,2,NaN,NaN,NaN,5,D,1,0,Emerald,25 40.725 N,80 5.845 W
66NI,9,Green,Ssid,Initial,NA,2019-09-15T00:00:00Z,Ssid,EM3,24,NA,RK_NSF_SYM_Initials_5.csv,NaN,NaN,23.745034065246582,NaN,NA,NA,0.11837937069909446,NA,0,0,2,0,NaN,NaN,NaN,5,C,0,-7,Emerald,25 40.725 N,80 5.845 W
67NI,22,Green,Ssid,Initial,NA,2019-09-15T00:00:00Z,Ssid,EM5,22,NA,RK_NSF_SYM_Initials_9.csv,NaN,NaN,27.524041023254394,29.066619873046875,NA,NA,0.336682512896545,0.21403316068111486,0,0,2,2,NaN,NaN,0.3799757869912166,9,C,0.2753496043721781,-0.5601155431852531,Emerald,25 40.641 N,80 5.843 W
69NI,19,Orange,Past,Initial,NA,2019-09-24T00:00:00Z,Past,JOE'SPLOT,20,NA,RK_NSF_SYM_Initials_17.csv,32.636649002075195,NaN,NaN,36.7820930480957,2.1259409868555887,NA,NA,1.9090998345392842,2,0,0,2,53.09140980989996,NaN,NaN,17,A,0.01848722382194182,-1.733128300811283,DP,25 39.577 N,80 5.771 W
6NI,8,Green,Ssid,Initial,NA,2019-09-15T00:00:00Z,Ssid,EM5,25,NA,RK_NSF_SYM_Initials_1.csv,NaN,NaN,25.547204818725586,30.084922790527344,NA,NA,0.07074736273559863,0.3146083538700553,0,0,2,2,NaN,NaN,3.029581499695305,1,C,0.24816472878774498,-0.6052599439548051,Emerald,25 40.641 N,80 5.843 W
70NI,26,Orange,Ssid,Initial,NA,2019-09-24T00:00:00Z,Ssid,EM6/7,27,NA,RK_NSF_SYM_Initials_16.csv,NaN,NaN,NaN,34.79507064819336,NA,NA,NA,0.27928862046834996,0,0,0,2,NaN,NaN,NaN,16,D,1,0,Emerald,25 40.532 N,80 5.859 W
71NI,74,Orange,Ofav,Initial,NA,2019-09-24T00:00:00Z,Ofav,JOE'SPLOT,25,NA,RK_NSF_SYM_Initials_16.csv,NaN,NaN,NaN,33.80817222595215,NA,NA,NA,1.1225735550675364,0,0,0,2,NaN,NaN,NaN,16,D,1,0,DP,25 39.577 N,80 5.771 W
72NI,72,Orange,Ppor,Initial,NA,2019-09-24T00:00:00Z,Ppor,JOE'SPLOT,27,NA,RK_NSF_SYM_Initials_17.csv,NaN,NaN,30.64948257446289,36.724571228027344,NA,NA,0.04436680731565984,0.8818334537716145,0,0,2,2,NaN,NaN,8.793815097983053,17,C,0.10210525622501704,-0.9909519005109029,DP,25 39.577 N,80 5.771 W
73NI,54,Orange,Mcav,Initial,NA,2019-09-24T00:00:00Z,Mcav,EM6/7,27,NA,RK_NSF_SYM_Initials_16.csv,NaN,NaN,33.59113868713379,NaN,NA,NA,1.6119409503023152,NA,0,0,2,0,NaN,NaN,NaN,16,C,0,-7,Emerald,25 40.532 N,80 5.859 W
74NI,58,Orange,Sint,Initial,NA,2019-09-24T00:00:00Z,Sint,JOE'SPLOT,22,NA,RK_NSF_SYM_Initials_20.csv,29.61176668548584,33.97526931762695,31.689565505981445,NaN,0.756060514319345,0.49810157094538826,0.16709573278107856,NA,2,2,2,0,NaN,NaN,NaN,20,A,0,-7,DP,25 39.577 N,80 5.771 W
75NI,16,Orange,Past,Initial,NA,2019-09-24T00:00:00Z,Ssid,NICOPLOT,18,NA,RK_NSF_SYM_Initials_20.csv,29.592225898742676,32.70650100708008,NaN,NaN,0.8978654405955825,NA,NA,NA,2,1,0,0,NaN,NaN,NaN,20,A,0,-7,Flamingo?,25 42.071 N,80 5.938 W
77NI,75,Orange,Ssid,Initial,NA,2019-09-24T00:00:00Z,Ssid,EM6/7,27,NA,RK_NSF_SYM_Initials_21.csv,37.22616278076172,33.22915077209473,27.224886741638183,NaN,NA,0.3325811187742529,0.6193186046610242,NA,1,2,2,0,NaN,NaN,NaN,21,C,0,-7,Emerald,25 40.532 N,80 5.859 W
78NI,73,Orange,Ofav,Initial,NA,2019-09-24T00:00:00Z,Ofav,JOE'SPLOT,22,NA,RK_NSF_SYM_Initials_16.csv,NaN,NaN,NaN,36.94019317626953,NA,NA,NA,0.8961944023458225,0,0,0,2,NaN,NaN,NaN,16,D,1,0,DP,25 39.577 N,80 5.771 W
79NI,5,Orange,Ppor,Initial,NA,2019-09-24T00:00:00Z,Ppor,EM6/7,27,NA,RK_NSF_SYM_Initials_21.csv,35.17791258239746,33.02850151062012,32.88636955261231,NaN,2.375229143379096,1.5763514770701401,0.9426732725340603,NA,2,2,2,0,NaN,NaN,NaN,21,C,0,-7,Emerald,25 40.532 N,80 5.859 W
7NI,39,Green,Mcav,Initial,NA,2019-09-15T00:00:00Z,Mcav,EM1,20,NA,RK_NSF_SYM_Initials_1.csv,NaN,NaN,23.247214164733887,NaN,NA,NA,0.03315507126218586,NA,0,0,2,0,NaN,NaN,NaN,1,C,0,-7,Emerald,25 40.64 N,80 6.028 W
80NI,15,Orange,Past,Initial,NA,2019-09-24T00:00:00Z,Past,EM6/7,28,NA,RK_NSF_SYM_Initials_17.csv,31.675164093017578,NaN,33.01460632324219,31.815903663635254,0.04052031733316161,NA,NA,3.9396297972602756,2,0,1,2,3.3074103951778766,NaN,0.056826114527964405,17,A,0.23215805048887253,-0.6342162518114044,Emerald,25 40.532 N,80 5.859 W
81NI,76,Orange,Ssid,Initial,NA,2019-09-24T00:00:00Z,Ssid,JOE'SPLOT,25,NA,RK_NSF_Sym_Initials_18.csv,NaN,NaN,33.836915817260746,NaN,NA,NA,0.8239931419239921,NA,0,0,2,0,NaN,NaN,NaN,18,C,0,-7,DP,25 39.577 N,80 5.771 W
82NI,1,Orange,Mcav,Initial,NA,2019-09-24T00:00:00Z,Mvac,EM6/7,26,NA,RK_NSF_SYM_Initials_16.csv,NaN,NaN,34.45858177185059,NaN,NA,NA,0.510701118426629,NA,0,0,2,0,NaN,NaN,NaN,16,C,0,-7,Emerald,25 40.532 N,80 5.859 W
83NI,2,Orange,Ppor,Initial,NA,2019-09-24T00:00:00Z,Ppor,EM6/7,26,NA,RK_NSF_SYM_Initials_17.csv,35.948220123291016,NaN,29.503646697998047,35.93438148498535,NA,NA,0.2061459680381802,0.6385092448997925,1,0,2,2,2.9713609362196554,NaN,11.252201059737663,17,C,0.0816179880761287,-1.0882141150050981,Emerald,25 40.532 N,80 5.859 W
84NI,4,Orange,Mcav,Initial,NA,2019-09-24T00:00:00Z,Mcav,NICOPLOT,18,NA,RK_NSF_SYM_Initials_16.csv,NaN,NaN,32.84992393493653,NaN,NA,NA,0.22938944922975613,NA,0,0,2,0,NaN,NaN,NaN,16,C,0,-7,Flamingo?,25 42.071 N,80 5.938 W
85NI,79,Orange,Sint,Initial,NA,2019-09-24T00:00:00Z,Sint,JOE'SPLOT,27,NA,RK_NSF_SYM_Initials_21.csv,33.32089125061035,32.71023750305176,34.700488891601566,NaN,1.5455310040406698,1.4014359866037442,0.32530623554648447,NA,2,2,2,0,NaN,NaN,NaN,21,B,0,-7,DP,25 39.577 N,80 5.771 W
86NI,44,Orange,Ofav,Initial,NA,2019-09-24T00:00:00Z,Ofav,EM6/7,25,NA,RK_NSF_SYM_Initials_16.csv,NaN,34.13691329956055,NaN,NaN,NA,0.8043102264946165,NA,NA,0,2,0,0,NaN,NaN,NaN,16,B,0,-7,Emerald,25 40.532 N,80 5.859 W
87NI,13,Orange,Sint,Initial,NA,2019-09-24T00:00:00Z,Sint,NICOPLOT,21,NA,RK_NSF_SYM_Initials_21.csv,33.85707174682617,31.762943267822266,NaN,NaN,1.3651586768038715,1.7494192496978183,NA,NA,2,2,0,0,NaN,NaN,NaN,21,B,0,-7,Flamingo?,25 42.071 N,80 5.938 W
89NI,97,Orange,Past,Initial,NA,2019-09-24T00:00:00Z,Past,JOE'SPLOT,23,NA,RK_NSF_SYM_Initials_17.csv,36.50837217712402,32.960487365722656,NaN,35.44546127319336,1.1607093722993458,NA,NA,0.4713325901695731,2,1,0,2,1.4359958669051684,16.794726635589072,NaN,17,A,0.4105097276993571,-0.3866765471045974,DP,25 39.577 N,80 5.771 W
8NI,58,Green,Past,Initial,NA,2019-09-15T00:00:00Z,Past,EM1,27,NA,RK_NSF_SYM_Initials_21.csv,29.518825401306152,30.793052673339844,33.6423796081543,NaN,0.16097668472687293,0.029018610961932673,NA,NA,2,2,1,0,NaN,NaN,NaN,21,A,0,-7,Emerald,25 40.64 N,80 6.028 W
90NI,71,Orange,Ssid,Initial,NA,2019-09-24T00:00:00Z,Ssid,JOE'SPLOT,21,NA,RK_NSF_Sym_Initials_18.csv,NaN,NaN,26.772756423950195,NaN,NA,NA,0.1916906105233078,NA,0,0,2,0,NaN,NaN,NaN,18,C,0,-7,DP,25 39.577 N,80 5.771 W
91NI,20,Orange,Ppor,Initial,NA,2019-09-24T00:00:00Z,Ppor,NICOPLOT,17,NA,RK_NSF_SYM_Initials_17.csv,NaN,NaN,26.73405918121338,35.94375228881836,NA,NA,0.47590333159688253,1.039140328104947,0,0,2,2,NaN,NaN,77.23022408444753,17,C,0.012782783274665371,-1.893374574250878,Flamingo?,25 42.071 N,80 5.938 W
92NI,18,Orange,Ssid,Initial,NA,2019-09-24T00:00:00Z,Ssid,NICOPLOT,20,NA,RK_NSF_Sym_Initials_18.csv,NaN,NaN,31.927533950805664,NaN,NA,NA,0.33969146070543477,NA,0,0,2,0,NaN,NaN,NaN,18,C,0,-7,Flamingo?,25 42.071 N,80 5.938 W
93NI,8,Orange,Past,Initial,NA,2019-09-24T00:00:00Z,Past,NICOPLOT,18,NA,RK_NSF_SYM_Initials_17.csv,33.46162878417969,NaN,NaN,36.28706359863281,0.12485177793121544,NA,NA,1.9108801174203844,2,0,0,2,21.264828508176286,NaN,NaN,17,A,0.04491388737320708,-1.3476193543857435,Flamingo?,25 42.071 N,80 5.938 W
94NI,6,Orange,Ppor,Initial,NA,2019-09-24T00:00:00Z,Ppor,NICOPLOT,21,NA,RK_NSF_SYM_Initials_17.csv,NaN,NaN,29.036897506713867,35.019195556640625,NA,NA,0.8263776420253444,0.6057439476926355,0,0,2,2,NaN,NaN,8.246023625073226,17,C,0.10815460143192963,-0.9659549987955335,Flamingo?,25 42.071 N,80 5.938 W
95NI,77,Orange,Ppor,Initial,NA,2019-09-24T00:00:00Z,Ppor,JOE'SPLOT,25,NA,RK_NSF_SYM_Initials_21.csv,34.05589376831055,32.250436782836914,28.779804077148437,NaN,1.1405517147683435,0.9472156912791704,0.3812286971994672,NA,2,2,2,0,NaN,NaN,NaN,21,C,0,-7,DP,25 39.577 N,80 5.771 W
96NI,11,Orange,Past,Initial,NA,2019-09-24T00:00:00Z,Past,NICOPLOT,24,NA,RK_NSF_SYM_Initials_21.csv,32.35773359680176,30.503793716430664,NaN,NaN,0.0725249482183941,1.1247530528977319,NA,NA,2,2,0,0,NaN,NaN,NaN,21,B,0,-7,Flamingo?,25 42.071 N,80 5.938 W
97NI,80,Orange,Ppor,Initial,NA,2019-09-24T00:00:00Z,Ppor,JOE'SPLOT,22,NA,RK_NSF_SYM_Initials_21.csv,34.388954986572266,30.179027557373047,27.895259704589844,NaN,0.7882930753613244,0.656438851431115,0.2104941741053521,NA,2,2,2,0,NaN,NaN,NaN,21,C,0,-7,DP,25 39.577 N,80 5.771 W
98NI,14,Orange,Sint,Initial,NA,2019-09-24T00:00:00Z,Sint,NICOPLOT,18,NA,RK_NSF_SYM_Initials_21.csv,26.864427436828613,32.57806587219238,26.21821388244629,NaN,1.104801746337039,0.5515019651834792,0.854711113817884,NA,2,2,2,0,NaN,NaN,NaN,21,C,0,-7,Flamingo?,25 42.071 N,80 5.938 W
99NI,7,Orange,Past,Initial,NA,2019-09-24T00:00:00Z,Past,NICOPLOT,21,NA,RK_NSF_SYM_Initials_21.csv,29.226344932556152,32.2469596862793,33.70431503295899,NaN,0.035544966160147594,2.2588121299466692,NA,NA,2,2,1,0,NaN,NaN,NaN,21,A,0,-7,Flamingo?,25 42.071 N,80 5.938 W
9NI,79,Green,Ssid,Initial,NA,2019-09-15T00:00:00Z,Mcav,EM1,"NA",NA,RK_NSF_SYM_Initials_6.csv,NaN,NaN,25.219578590393066,29.737011909484863,NA,NA,0.023886810687246213,0.5085823120582893,0,0,2,2,NaN,NaN,2.9872828882718845,6,C,0.25079735449455576,-0.6006770489197738,Emerald,25 40.64 N,80 6.028 W
NI146,40,Orange,Ppor,Initial,NA,2019-10-29T00:00:00Z,Ppor,EM3,NA,NA,RK_NSF_Sym_FI_5.csv,NaN,NaN,30.100190963745117,36.0311393737793,NA,NA,0.560090481385635,NA,0,0,2,1,NaN,NaN,7.957685897539994,5,C,0,-7,Emerald,25 40.725 N,80 5.845 W
NI147,31,Orange,Sbou,Initial,NA,2019-10-29T00:00:00Z,Sbou,EM3,NA,NA,RK_NSF_Sym_FI_5.csv,NaN,33.325347900390625,NaN,37.09996032714844,NA,0.05761103299172318,NA,NA,0,2,0,1,NaN,41.057529838641,NaN,5,B,0,-7,Emerald,25 40.725 N,80 5.845 W
NI148,28,Orange,Sbou,Initial,NA,2019-10-29T00:00:00Z,Sbou,EM3,NA,NA,RK_NSF_Sym_FI_5.csv,NaN,31.04792022705078,NaN,35.694801330566406,NA,0.31650192747995276,NA,0.4673458354752306,0,2,0,2,NaN,75.1574182548991,NaN,5,B,0.01313069721787308,-1.881712212993857,Emerald,25 40.725 N,80 5.845 W
NI165,29,Orange,Sbou,Initial,NA,2019-10-29T00:00:00Z,Sbou,EM3,NA,NA,RK_NSF_Sym_FI_5.csv,NaN,31.415443420410156,NaN,35.39558029174805,NA,0.05276650563648698,NA,0.727013580675213,0,2,0,2,NaN,47.34366118959532,NaN,5,B,0.02068523515581859,-1.6843395375533907,Emerald,25 40.725 N,80 5.845 W
NI167,34,Orange,Sbou,Initial,NA,2019-11-04T00:00:00Z,Sbou,EM5,NA,NA,RK_NSF_Sym_FI_5.csv,NaN,32.5169792175293,NaN,35.58470916748047,NA,0.01834230847194108,NA,NA,0,2,0,1,NaN,25.153590611193017,NaN,5,B,0,-7,Emerald,25 40.641 N,80 5.843 W
NI168,35,Orange,Sbou,Initial,NA,2019-11-04T00:00:00Z,Sbou,EM5,NA,NA,RK_NSF_Sym_FI_5.csv,NaN,32.14240074157715,35.23010620117188,35.97659683227539,NA,0.29586413305071435,NA,NA,0,2,1,1,NaN,42.78871923833737,0.21883132508939038,5,B,0,-7,Emerald,25 40.641 N,80 5.843 W
NI169,Cores 1-4,Orange,Sbou,Initial,NA,2019-11-04T00:00:00Z,Sbou,EM5,NA,NA,RK_NSF_Sym_FI_5.csv,NaN,31.341598510742188,NaN,NaN,NA,0.0337390579951528,NA,NA,0,2,0,0,NaN,NaN,NaN,5,B,0,-7,Emerald,25 40.641 N,80 5.843 W
